SRName,TownName,Latitude,Longitude
ဧရာဝတီ,ဘိုကလေး,16.295,95.3968
ဧရာဝတီ,ဓနုဖြူ,17.25468,95.59583
ဧရာဝတီ,ဒေးဒရဲ,16.40806,95.88512
ဧရာဝတီ,အိမ်မဲ,16.8962,95.1805
ဧရာဝတီ,ဒူးယား,17.5616,95.4802
ဧရာဝတီ,ဟင်္သာတ,17.64958,95.45818
ဧရာဝတီ,တလုတ္ထော်,17.6419,95.3046
ဧရာဝတီ,ထူးကြီး,17.97132,95.26073
ဧရာဝတီ,အင်္ဂပူ,17.80981,95.26926
ဧရာဝတီ,မဲဇလီကုန်း,17.9009,95.2288
ဧရာဝတီ,ကန်ကြီးထောင့်,16.9329,94.89476
ဧရာဝတီ,ကျိုက်လတ်,16.44431,95.72614
ဧရာဝတီ,ဘက်ရဲ,18.30044,95.14703
ဧရာဝတီ,ကြံခင်း,18.34035,95.23914
ဧရာဝတီ,ကျောင်းကုန်း,17.10768,95.1904
ဧရာဝတီ,အထောင်,17.34855,95.33365
ဧရာဝတီ,ကျုံပျော်,17.3,95.2
ဧရာဝတီ,ဟိုင်းကြီးကျွန်း,15.82677,94.80943
ဧရာဝတီ,လပွတ္တာ (၃) မိုင်,16.19983,94.78124
ဧရာဝတီ,လပွတ္တာ,16.14557,94.75889
ဧရာဝတီ,ပြင်စလူ,15.82677,94.80943
ဧရာဝတီ,လေးမျက်နှာ,17.60038,95.17454
ဧရာဝတီ,မအူပင်,16.73023,95.6494
ဧရာဝတီ,မော်လမြိုင်ကျွန်း,16.37894,95.26298
ဧရာဝတီ,အင်ပင်,18.0935,95.269
ဧရာဝတီ,ကနောင်,18.21566,95.38137
ဧရာဝတီ,မြန်အောင်,18.28696,95.31779
ဧရာဝတီ,မြောင်းမြ,16.59926,94.92977
ဧရာဝတီ,ဟိုင်းကြီးကျွန်း,16.01602,94.34411
ဧရာဝတီ,ငပုတော,16.5431,94.69224
ဧရာဝတီ,ငရုတ်ကောင်း,16.52089,94.3019
ဧရာဝတီ,ညောင်တုန်း,17.04903,95.63359
ဧရာဝတီ,ပန်းတနော်,16.98212,95.46595
ဧရာဝတီ,ချောင်းသာ,16.9597,94.4447
ဧရာဝတီ,ငွေဆောင်,16.86379,94.38711
ဧရာဝတီ,ပုသိမ်,16.77924,94.73303
ဧရာဝတီ,ရွှေသောင်ယံ,17.07674,94.46133
ဧရာဝတီ,အမာ,15.7994,95.29017
ဧရာဝတီ,ဖျာပုံ,16.29161,95.68019
ဧရာဝတီ,သာပေါင်း,17.04734,94.80589
ဧရာဝတီ,ကျုံမငေး,16.43803,95.1319
ဧရာဝတီ,ဝါးခယ်မ,16.60383,95.18041
ဧရာဝတီ,အသုတ်,17.19974,95.08331
ဧရာဝတီ,ငသိုင်းချောင်း,17.39927,95.07731
ဧရာဝတီ,ရေကြည်,17.34456,95.12067
ဧရာဝတီ,ဇလွန်,17.4781,95.55666
ပဲခူး (ရှေ့),ပဲခူး,17.33583,96.48389
ပဲခူး (ရှေ့),ဘုရားကြီး,17.47538,96.52654
ပဲခူး (ရှေ့),အင်းတကော်,17.18087,96.37637
ပဲခူး (ရှေ့),ဒိုက်ဦး,17.78967,96.66969
ပဲခူး (ရှေ့),ထန်းတပင်,18.8433,96.48376
ပဲခူး (ရှေ့),ကဝ,17.08967,96.46632
ပဲခူး (ရှေ့),သက္ကလ,17.02939,96.59657
ပဲခူး (ရှေ့),ကျောက်ကြီး,18.32764,96.76862
ပဲခူး (ရှေ့),ဖဒို,18.0377,96.5549
ပဲခူး (ရှေ့),ကျောက်တံခါး,18.15867,96.61391
ပဲခူး (ရှေ့),ပဲနွယ်ကုန်း,18.22271,96.56886
ပဲခူး (ရှေ့),မဒေါက်,17.91491,96.84535
ပဲခူး (ရှေ့),ညောင်လေးပင်,17.95323,96.72151
ပဲခူး (ရှေ့),ပိန်းဇလုပ်,18.0699,96.66836
ပဲခူး (ရှေ့),ပြွန်တန်ဆာ,17.87517,96.71597
ပဲခူး (ရှေ့),ကျွဲပွဲ,18.7,96.4099
ပဲခူး (ရှေ့),အုတ်တွင်း,18.83293,96.41363
ပဲခူး (ရှေ့),ကညွတ်ကွင်း,18.3404,96.49218
ပဲခူး (ရှေ့),ဖြူး,18.48438,96.43572
ပဲခူး (ရှေ့),ဇေယျ၀တီ,18.54097,96.43084
ပဲခူး (ရှေ့),ရွှေကျင်,17.92304,96.87767
ပဲခူး (ရှေ့),ကေတုမတီ,19.01432,96.40357
ပဲခူး (ရှေ့),တောင်ငူ,18.93953,96.43314
ပဲခူး (ရှေ့),သနပ်ပင်,17.28903,96.57664
ပဲခူး (ရှေ့),ဝေါ,17.4836,96.68234
ပဲခူး (ရှေ့),ဆွာ,19.26498,96.29072
ပဲခူး (ရှေ့),မြို့လှ,19.40442,96.26628
ပဲခူး (ရှေ့),ရေနီ,19.47438,96.26804
ပဲခူး (ရှေ့),ရေတာရှည်,19.15693,96.34234
ပဲခူး (နောက်),ကြို့ပင်ကောက်,18.22989,95.65259
ပဲခူး (နောက်),လက်ပံတန်း,17.779,95.74529
ပဲခူး (နောက်),မင်းလှ,17.97389,95.70905
ပဲခူး (နောက်),စစ်ကွင်း,17.8941,95.7232
ပဲခူး (နောက်),မိုးညို,18.02719,95.51185
ပဲခူး (နောက်),နတ်တလင်း,18.42753,95.54731
ပဲခူး (နောက်),တာပွန်,18.361,95.4549
ပဲခူး (နောက်),အိုးသည်ကုန်း,18.0432,95.6935
ပဲခူး (နောက်),အုတ်ဖို,18.13022,95.67177
ပဲခူး (နောက်),ဥရှစ်ပင်,18.68519,95.01383
ပဲခူး (နောက်),ပန်းတောင်း,18.71797,95.15353
ပဲခူး (နောက်),ပေါက်ခေါင်း,18.9028,95.54819
ပဲခူး (နောက်),ပေါင်းတည်,18.48947,95.50721
ပဲခူး (နောက်),ပေါင်းတလည်,18.84968,95.38459
ပဲခူး (နောက်),ပြည်,18.82151,95.22103
ပဲခူး (နောက်),ရွှေတောင်,18.7051,95.21404
ပဲခူး (နောက်),သာယာဝတီ,17.65441,95.78629
ပဲခူး (နောက်),သုံးဆယ်,17.62988,95.78985
ပဲခူး (နောက်),အင်းမ,18.52806,95.34904
ပဲခူး (နောက်),ပုတီးကုန်း,18.57236,95.45645
ပဲခူး (နောက်),ဆင်မြီးဆွဲ,18.7369,95.3594
ပဲခူး (နောက်),သဲကုန်း,18.64698,95.41721
ပဲခူး (နောက်),ဇီးကုန်း,18.33846,95.62304
ချင်း,ဖလမ်း,22.91105,93.68034
ချင်း,ရိခေါ်ဒါရ်,23.36097,93.38869
ချင်း,ဝေဘူလ,23.0168,93.9133
ချင်း,ဟားခါး,22.64011,93.60483
ချင်း,ဆူရ်ခွား,22.25553,93.63416
ချင်း,ကန်ပက်လက်,21.19337,94.05666
ချင်း,ကျင်ဒွေး,20.973,93.8382
ချင်း,လိုင်လင်းပီ,21.9592,93.1143
ချင်း,မတူပီ,21.60475,93.44086
ချင်း,ရေဇွာ,22.05289,93.40857
ချင်း,မင်းတပ်,21.37176,93.97365
ချင်း,မကွီအိမ်နူး,21.1727,93.5945
ချင်း,ပလက်ဝ,21.30441,92.85461
ချင်း,ဆမီး,21.29333,93.09649
ချင်း,ခိုင်ကမ်း,23.2175,93.9551
ချင်း,တီးတိန်,23.37058,93.65619
ချင်း,နှာဟရိန်,22.1898,93.4361
ချင်း,ထန်တလန်,22.69843,93.4278
ချင်း,ကျီခါး,23.88976,93.53347
ချင်း,တွန်းဇန်,23.60306,93.69175
ကချင်,ဗန်းမော်,24.25493,97.23441
ကချင်,ချီဖွေ,25.88635,98.12976
ကချင်,ပန်ဝါ,25.59866,98.37863
ကချင်,ဖားကန့်,25.6128,96.31212
ကချင်,ကာမိုင်း,25.5226,96.71153
ကချင်,အင်ဂျန်းယန်,25.82991,97.72671
ကချင်,ခေါင်လန်ဖူး,27.06043,98.36034
ကချင်,မချမ်းဘော,27.28395,97.58937
ကချင်,မံစီ,24.11962,97.29311
ကချင်,မိုးကောင်း,25.30274,96.94038
ကချင်,နမ္မတီး,25.37835,97.00896
ကချင်,ဟိုပင်,24.99183,96.53019
ကချင်,အင်းတော်ကြီး,25.0929,96.2876
ကချင်,မိုးညှင်း,24.77711,96.36493
ကချင်,နန်းမား,24.87399,96.43625
ကချင်,နန့်မွန်း,25.0047,96.3548
ကချင်,ဒေါ့ဖုန်းယန်,24.61398,97.46127
ကချင်,လွယ်ဂျယ်,24.19932,97.72077
ကချင်,မိုးမောက်,24.25095,97.34653
ကချင်,မြစ်ကြီးနား,25.38749,97.39036
ကချင်,ဆင်ဘို,24.77923,97.03917
ကချင်,နောင်မွန်း,27.50532,97.81785
ကချင်,ပန်နန်းဒင်,27.7281,97.87662
ကချင်,ပူတာအို,27.29934,97.4159
ကချင်,မြို့လှ,24.47856,96.65522
ကချင်,ရွှေကူ,24.20695,96.80606
ကချင်,ဆွမ်ပရာဘွမ်,26.54373,97.5677
ကချင်,ရှင်ဗွေယန်,26.69478,96.2094
ကချင်,တနိုင်း,26.35797,96.71655
ကချင်,ဆော့လော်,26.15419,98.27049
ကချင်,ကန်ပိုက်တီ,25.40319,98.11739
ကချင်,ဆဒုံး,25.39709,97.89996
ကချင်,ဝိုင်းမော်,25.35099,97.44281
ကယား,ဘောလခဲ,19.17256,97.34284
ကယား,ရွာသစ်,19.16673,97.4995
ကယား,ဒီးမော့ဆို,19.53832,97.15881
ကယား,နန်းမယ်ခုံ,19.6696,97.1091
ကယား,ဖားဆောင်း,18.87063,97.31592
ကယား,ဖရူဆို,19.41387,97.12799
ကယား,လောပိတ,19.54909,97.32929
ကယား,လွိုင်ကော်,19.67424,97.20993
ကယား,လွိုင်လင်လေး,19.8777,97.2318
ကယား,မယ်စဲ,18.67246,97.66277
ကယား,ရှားတော,19.63174,97.52073
ကရင်,လှိုင်းဘွဲ့,17.12574,97.81871
ကရင်,ပိုင်ကျုံ,17.0217,97.98597
ကရင်,ရှမ်းရွာသစ်,17.42438,97.88778
ကရင်,ဘားအံ,16.88076,97.63691
ကရင်,ဖာပွန်,18.06306,97.44321
ကရင်,ကမမောင်း,17.34688,97.6529
ကရင်,ကော့ကရိတ်,16.55553,98.23996
ကရင်,ကျုံဒိုး,16.59446,98.04353
ကရင်,ဘုရားသုံးဆူ,15.30444,98.37808
ကရင်,ကျိုက်ဒုံ,16.00253,98.39268
ကရင်,ကြာအင်းဆိပ်ကြီး,16.04079,98.12322
ကရင်,မြဝတီ,16.68868,98.51304
ကရင်,စုကလိ,16.15439,98.59621
ကရင်,​ဝေါလေမြိုင် (ဝေါလေ),16.29392,98.71324
ကရင်,ဘောဂလိ,18.91451,96.78565
ကရင်,လိပ်သို,19.22235,96.58097
ကရင်,သံတောင်,19.02175,96.58266
ကရင်,သံတောင်ကြီး,19.07339,96.67547
မကွေး,အောင်လံ,19.35855,95.21684
မကွေး,ချောက်,20.89098,94.81829
မကွေး,စလေ,20.8338,94.7424
မကွေး,ဂန့်ဂေါ,22.17421,94.13582
မကွေး,ကျော,21.92737,94.35789
မကွေး,ကံမ,19.02897,95.09594
မကွေး,မကွေး,20.14027,94.92696
မကွေး,မင်းဘူး,20.17161,94.87518
မကွေး,စကု,20.22609,94.76831
မကွေး,မင်းတုန်း,19.35131,94.73233
မကွေး,မင်းလှ,19.96559,95.0367
မကွေး,မြိုင်,21.61256,94.85432
မကွေး,မြို့သစ်,20.19919,95.44692
မကွေး,နတ်မောက်,20.35339,95.39966
မကွေး,ငဖဲ,20.07538,94.46767
မကွေး,ကမ္မ,21.38358,94.81558
မကွေး,မြစ်ခြေ,21.2454,94.8511
မကွေး,ပခုက္ကူ,21.335,95.08227
မကွေး,ပေါက်,21.45215,94.47374
မကွေး,ပွင့်ဖြူ,20.36334,94.66933
မကွေး,စလင်း,20.5772,94.65936
မကွေး,ဆင်ဖြူကျွန်း,20.6642,94.6929
မကွေး,ကျောက်ထု,21.406,94.136
မကွေး,ဆော,21.15224,94.15466
မကွေး,ဆိပ်ဖြူ,20.90651,94.79243
မကွေး,စေတုတ္ထရာ,20.4466,94.24559
မကွေး,ဆင်ပေါင်ဝဲ,19.72292,95.16186
မကွေး,တောင်တွင်းကြီး,20.00187,95.54614
မကွေး,သရက်,19.3215,95.17716
မကွေး,ထီးလင်း,21.69636,94.09278
မကွေး,ရေနံချောင်း,20.45837,94.8731
မကွေး,ရေစကြို,21.63388,95.2453
မန္တလေး,အမရပူရ,21.90314,96.04948
မန္တလေး,မြစ်ငယ်,21.85418,96.06856
မန္တလေး,အောင်မြေသာဇံ,21.99321,96.09686
မန္တလေး,မန္တလေး,21.9894,96.0921
မန္တလေး,ချမ်းအေးသာဇံ,21.97535,96.0946
မန္တလေး,ချမ်းမြသာစည်,21.9394,96.09584
မန္တလေး,ကျောက်ပန်းတောင်း,20.84248,95.13218
မန္တလေး,ကျောက်ဆည်,21.61325,96.13033
မန္တလေး,မတ္တရာ,22.21036,96.10639
မန္တလေး,မဟာအောင်မြေ,21.97535,96.0946
မန္တလေး,မလှိုင်,21.09867,95.64698
မန္တလေး,မိတ္ထီလာ,20.88189,95.86311
မန္တလေး,မိုးကုတ်,22.92139,96.5054
မန္တလေး,မြင်းခြံ,21.45745,95.39179
မန္တလေး,ဆီမီးခုံ,21.735,95.4221
မန္တလေး,ကူမဲ,21.3583,96.1603
မန္တလေး,မြစ်သား,21.42427,96.13086
မန္တလေး,နွားထိုးကြီး,21.4237,95.6545
မန္တလေး,ငါန်းဇွန်,21.89846,95.68723
မန္တလေး,ပုဂံ,21.13197,94.86257
မန္တလေး,ငါ့သရောက်,21.15058,95.13772
မန္တလေး,ညောင်ဦး,21.19543,94.91011
မန္တလေး,ပုသိမ်ကြီး,22.00399,96.16465
မန္တလေး,ပျော်ဘွယ်,20.59472,96.05094
မန္တလေး,ပြည်ကြီးတံခွန်,21.90196,96.10418
မန္တလေး,ပြင်ဦးလွင်,22.01397,96.45634
မန္တလေး,စဉ့်ကူး,22.54838,95.99655
မန္တလေး,စဉ့်ကိုင်,21.73114,96.10611
မန္တလေး,တံတားဦး,21.8151,95.97069
မန္တလေး,တောင်သာ,21.27603,95.44541
မန္တလေး,တကောင်း,23.50188,96.01367
မန္တလေး,သပိတ်ကျင်း,22.88593,95.97525
မန္တလေး,သာစည်,20.85019,96.05838
မန္တလေး,ဝမ်းတွင်း,21.09691,96.03001
မန္တလေး,ရမည်းသင်း,20.4305,96.13747
မွန်,ဘီးလင်း,17.21987,97.23931
မွန်,ချောင်းဆုံ,16.35125,97.55048
မွန်,ကျိုက်မရော,16.37045,97.72411
မွန်,ကျိုက်ထို,17.31156,97.01989
မွန်,သိမ်ဇရပ်,17.5137,96.884
မွန်,မော်လမြိုင်,16.48459,97.62593
မွန်,ကမာ၀က်,16.1409,97.73403
မွန်,မုဒုံ,16.25812,97.72478
မွန်,ပေါင်,16.61679,97.45672
မွန်,ဇင်းကျိုက်,16.69655,97.42371
မွန်,ကျိုက္ခမီ,16.08,97.5675
မွန်,သံဖြူဇရပ်,15.9667,97.7333
မွန်,သထုံ,16.9197,97.3678
မွန်,သုဝဏ္ဏဝတီ,17.06022,97.30482
မွန်,ခေါဇာ,15.03752,97.82935
မွန်,လမိုင်း,15.50351,97.83215
မွန်,ရေး,15.24539,97.84935
နေပြည်တော်,ဒက္ခိဏသီရိ,19.70026,96.0905
နေပြည်တော်,လယ်ဝေး,19.63467,96.11007
နေပြည်တော်,ဥတ္တရသီရိ,19.891,96.043
နေပြည်တော်,ပုဗ္ဗသီရိ,19.84383,96.18252
နေပြည်တော်,ပျဉ်းမနား,19.7361,96.20895
နေပြည်တော်,တပ်ကုန်း,20.13041,96.20297
နေပြည်တော်,ဇမ္ဗူသီရိ,19.76867,96.07261
နေပြည်တော်,နေပြည်တော်,19.80326,96.18566
နေပြည်တော်,ဇေယျာသီရိ,19.862,96.309
ရခိုင်,အမ်း,19.79537,94.04791
ရခိုင်,တပ်တောင်,19.5682,93.9358
ရခိုင်,ဘူးသီးတောင်,20.87498,92.525
ရခိုင်,ဂွ,17.59369,94.57996
ရခိုင်,ကျိန္တလီ,18.00712,94.49141
ရခိုင်,ကျောက်ဖြူ,19.4239,93.5544
ရခိုင်,စနဲ,19.2166,93.7336
ရခိုင်,ကျောက်တော်,20.84396,92.97282
ရခိုင်,ခမောင်းဆိပ်,21.26554,92.27141
ရခိုင်,မောင်တော,20.81897,92.36776
ရခိုင်,မြင်းလွှတ်,20.62786,92.50212
ရခိုင်,တောင်ပြိုလက်ဝဲ,21.19991,92.20068
ရခိုင်,မင်းပြား,20.36452,93.27269
ရခိုင်,မြောက်ဦး,20.59185,93.18844
ရခိုင်,မာန်အောင်,18.85506,93.7215
ရခိုင်,ကမ်းထောင့်ကြီး,19.85695,93.75902
ရခိုင်,မြေပုံ,20.04676,93.37376
ရခိုင်,ပေါက်တော,20.18098,93.06817
ရခိုင်,ပုဏ္ဏားကျွန်း,20.33199,93.0043
ရခိုင်,လေးတောင်,19.03862,93.69485
ရခိုင်,ရမ်းဗြဲ,19.08769,93.85886
ရခိုင်,ရသေ့တောင်,20.48215,92.75606
ရခိုင်,စစ်တွေ,20.13727,92.88551
ရခိုင်,ငပလီ,18.43755,94.3206
ရခိုင်,သံတွဲ,18.4662,94.3677
ရခိုင်,မအီ,19.34234,94.13845
ရခိုင်,တန်းလွဲရွာမ,18.99829,94.12645
ရခိုင်,တောင်ကုတ်,18.85353,94.23972
စစ်ကိုင်း,အရာတော်,22.28525,95.45068
စစ်ကိုင်း,ဗန်းမောက်,24.39986,95.85767
စစ်ကိုင်း,ဘုတလင်,22.38918,95.14857
စစ်ကိုင်း,ချောင်းဦး,21.95693,95.27363
စစ်ကိုင်း,ခန္တီး,25.99243,95.69547
စစ်ကိုင်း,ဟုမ္မလင်း,24.8644,94.91088
စစ်ကိုင်း,မိုဝိုင်းလွတ်,25.0834,94.9645
စစ်ကိုင်း,ရွှေပြည်အေး,24.68344,94.73147
စစ်ကိုင်း,အင်းတော်,24.22252,96.14167
စစ်ကိုင်း,မော်လူး,24.4649,96.1796
စစ်ကိုင်း,ကလေး,23.1933,94.02977
စစ်ကိုင်း,ကလေးဝ,23.1998,94.30036
စစ်ကိုင်း,ကန့်ဘလူ,23.20305,95.51886
စစ်ကိုင်း,ဇီးကုန်း,22.9311,95.5636
စစ်ကိုင်း,ကနီ,22.43291,94.84847
စစ်ကိုင်း,ကသာ,24.18163,96.33167
စစ်ကိုင်း,ကောလင်း,23.79026,95.68339
စစ်ကိုင်း,ခင်ဦး,22.77016,95.62149
စစ်ကိုင်း,ကျွန်းလှ,23.31964,95.5321
စစ်ကိုင်း,လဟယ်,26.32594,95.44113
စစ်ကိုင်း,ထန်ပါခွေ,25.96589,95.24148
စစ်ကိုင်း,လေရှီး,25.44706,94.95663
စစ်ကိုင်း,မိုပိုင်းလွတ်,25.04671,94.78748
စစ်ကိုင်း,ဆွမ္မရာ,25.36455,94.68729
စစ်ကိုင်း,မော်လိုက်,23.63512,94.41201
စစ်ကိုင်း,မင်းကင်း,22.87781,94.4942
စစ်ကိုင်း,မုံရွာ,22.12168,95.13963
စစ်ကိုင်း,မြောင်,21.83164,95.42425
စစ်ကိုင်း,မြင်းမူ,21.92681,95.57157
စစ်ကိုင်း,ဒုံဟီး,26.7757,95.79165
စစ်ကိုင်း,နန်းယွန်း,26.97979,96.16705
စစ်ကိုင်း,ပန်ဆောင်,27.23683,96.16712
စစ်ကိုင်း,ပုလဲ,21.93415,94.87486
စစ်ကိုင်း,ဖောင်းပြင်,24.26768,94.81686
စစ်ကိုင်း,ပင်လည်ဘူး,24.08089,95.37026
စစ်ကိုင်း,စစ်ကိုင်း,21.88008,95.96231
စစ်ကိုင်း,ဆားတောင်,22.1639,95.7574
စစ်ကိုင်း,ဆားလင်းကြီး,21.97363,95.08269
စစ်ကိုင်း,​ကျောက်မြောင်း,22.59329,95.94495
စစ်ကိုင်း,ရွှေဘို,22.56996,95.69849
စစ်ကိုင်း,စိုင်ပြင်,22.5561,95.2366
စစ်ကိုင်း,ဒီပဲယင်း,22.68529,95.32121
စစ်ကိုင်း,ခါမ်းပါတ်,23.77977,94.14575
စစ်ကိုင်း,မြို့သစ်,24.51539,94.51857
စစ်ကိုင်း,တမူး,24.21149,94.31534
စစ်ကိုင်း,တန့်ဆည်,22.94407,95.37361
စစ်ကိုင်း,ထီးချိုင့်,23.75452,96.14833
စစ်ကိုင်း,ဝက်လက်,22.36715,95.78812
စစ်ကိုင်း,ဝန်းသို,23.89924,95.68193
စစ်ကိုင်း,ရေဦး,22.76914,95.43049
စစ်ကိုင်း,ယင်းမာပင်,22.07779,94.90014
ရှမ်း (ရှေ့),ဟိုတောင်း,22.04143,99.55067
ရှမ်း (ရှေ့),ကျိုင်းတုံ,21.29189,99.6036
ရှမ်း (ရှေ့),မိုင်းဖျန်,21.98542,99.59892
ရှမ်း (ရှေ့),မိုင်းကာ,21.84343,99.41942
ရှမ်း (ရှေ့),မိုင်းပေါက်,22.00822,99.3101
ရှမ်း (ရှေ့),မိုင်းဖြတ်,20.87804,99.92333
ရှမ်း (ရှေ့),မိုင်းဆတ်,20.50544,99.24724
ရှမ်း (ရှေ့),မိုင်းခုတ်,20.74048,99.4636
ရှမ်း (ရှေ့),မိုင်းခတ်,21.7499,99.46377
ရှမ်း (ရှေ့),မိုင်းလား,21.6729,100.01867
ရှမ်း (ရှေ့),မိုင်းပျဉ်း,21.3502,99.026
ရှမ်း (ရှေ့),တုံတာ,21.33004,99.28781
ရှမ်း (ရှေ့),မုံးထ,19.7979,98.56708
ရှမ်း (ရှေ့),မိုင်းတုံ,20.30351,98.90008
ရှမ်း (ရှေ့),ပုံပါကျင်,19.8892,98.9382
ရှမ်း (ရှေ့),မိုင်းပေါက်,22.0082,99.3101
ရှမ်း (ရှေ့),မိုင်းယန်း,21.84235,99.68711
ရှမ်း (ရှေ့),မိုင်းယောင်း,21.1807,100.3579
ရှမ်း (ရှေ့),မိုင်းယု,21.32976,100.55082
ရှမ်း (ရှေ့),နမ့်ဖိုင်,21.92906,99.20035
ရှမ်း (ရှေ့),ကျိုင်းလပ်,20.867,100.534
ရှမ်း (ရှေ့),တာချီလိတ်,20.45304,99.88403
ရှမ်း (ရှေ့),တာလေ,20.71262,100.09307
ရှမ်း (မြောက်),အိုက်ချန်,22.76395,99.22358
ရှမ်း (မြောက်),ခွန်းမား,22.9794,99.46016
ရှမ်း (မြောက်),ဟိုပန်,23.42544,98.75029
ရှမ်း (မြောက်),နမ့်တစ်,23.47583,98.86722
ရှမ်း (မြောက်),ပန်လုံ,23.25641,98.78571
ရှမ်း (မြောက်),ဆောင်ဖ,23.0846,99.22365
ရှမ်း (မြောက်),သိန္နီ,23.3072,97.9736
ရှမ်း (မြောက်),သီပေါ,22.61894,97.2981
ရှမ်း (မြောက်),ကလောင်ဖါ,22.71811,98.72545
ရှမ်း (မြောက်),မိုင်းမော,22.96912,98.96356
ရှမ်း (မြောက်),ကုန်းကြမ်း,23.82946,98.53934
ရှမ်း (မြောက်),​မော်ထိုက်,24.09412,98.79679
ရှမ်း (မြောက်),ကွမ်းလုံ,23.41645,98.65053
ရှမ်း (မြောက်),ကွတ်ခိုင်,23.45921,97.94341
ရှမ်း (မြောက်),တာမိုးညဲ,23.57597,98.09862
ရှမ်း (မြောက်),ကျောက်မဲ,22.54172,97.03671
ရှမ်း (မြောက်),မိုင်းလုံ,22.7908,96.62431
ရှမ်း (မြောက်),မိုင်းငေါ့,22.77316,96.98402
ရှမ်း (မြောက်),လားရှိုး,22.95277,97.74747
ရှမ်း (မြောက်),ချင်းရွှေဟော်,23.47557,98.82419
ရှမ်း (မြောက်),လောက်ကိုင်,23.69163,98.76408
ရှမ်း (မြောက်),လင်ဟော်,22.77647,98.83702
ရှမ်း (မြောက်),လုံထန်,22.90568,99.36871
ရှမ်း (မြောက်),မဘိမ်း,23.47292,96.6292
ရှမ်း (မြောက်),မန်မန်ဆိုင်,22.50304,98.76685
ရှမ်း (မြောက်),မန်တွန်း,22.94789,98.612
ရှမ်း (မြောက်),မန်တုံ,23.24648,97.12222
ရှမ်း (မြောက်),မက်မန်း,21.95417,98.87088
ရှမ်း (မြောက်),မိုင်းမော,22.9672,98.9674
ရှမ်း (မြောက်),မိုးမိတ်,23.11422,96.66999
ရှမ်း (မြောက်),မိုင်းရယ်,22.42762,98.039
ရှမ်း (မြောက်),(မန်ဟျိုး) မန်ဟီးရိုး,23.95176,97.80064
ရှမ်း (မြောက်),မုန်းကိုး,24.0998,98.3031
ရှမ်း (မြောက်),မူဆယ်,23.98989,97.90165
ရှမ်း (မြောက်),ပန်ဆိုင်း (ကြူကုတ်),24.07548,98.06229
ရှမ်း (မြောက်),နမ်ခမ်းဝူး,22.47704,99.18664
ရှမ်း (မြောက်),နမ့်တစ်,23.47584,98.86718
ရှမ်း (မြောက်),နမ့်ခမ်း,23.837,97.6818
ရှမ်း (မြောက်),နမ့်ဆန်,22.96407,97.16126
ရှမ်း (မြောက်),နမ္မတူ,23.09361,97.40049
ရှမ်း (မြောက်),နားကောင်,22.37369,98.71027
ရှမ်း (မြောက်),နာဝီး,23.11117,98.66354
ရှမ်း (မြောက်),နားဖန်,22.60793,99.09258
ရှမ်း (မြောက်),နောင်ခစ်,22.43836,98.9248
ရှမ်း (မြောက်),ဝိန်းကောင်,22.30273,98.93896
ရှမ်း (မြောက်),နောင်ချို,22.33003,96.79895
ရှမ်း (မြောက်),ပန်ခမ့်,22.17594,99.17044
ရှမ်း (မြောက်),ပန်ယန်း,22.12912,98.79675
ရှမ်း (မြောက်),မန်ကန်,22.68954,98.59519
ရှမ်း (မြောက်),ပန်ဆန်း (ပန်ခမ်း),22.17594,99.17044
ရှမ်း (မြောက်),ပန်ဝိုင်,23.05628,99.30908
ရှမ်း (မြောက်),တန့်ယန်း,22.4981,98.3968
ရှမ်း (မြောက်),ယောင်လင်း,22.95939,99.31197
ရှမ်း (မြောက်),ရင်ဖန့်,22.62819,99.28307
ရှမ်း (တောင်),ဟိုပုံး,20.79743,97.17024
ရှမ်း (တောင်),ဆီဆိုင်,20.16227,97.2519
ရှမ်း (တောင်),အောင်ပန်း,20.66122,96.63584
ရှမ်း (တောင်),ဟဲဟိုး,20.7221,96.8239
ရှမ်း (တောင်),ကလော,20.62418,96.55864
ရှမ်း (တောင်),ကာလိ,21.28872,98.53381
ရှမ်း (တောင်),ကွန်ဟိန်း,21.301,98.424
ရှမ်း (တောင်),ကျေးသီး,21.92515,97.81933
ရှမ်း (တောင်),မိုင်းနောင်,21.645,98.123
ရှမ်း (တောင်),လဲချား,21.27024,97.66509
ရှမ်း (တောင်),ဟိုမိန်း,19.769,97.979
ရှမ်း (တောင်),လင်းခေး,20.34222,98.00371
ရှမ်း (တောင်),အင်တော,21.63124,96.92252
ရှမ်း (တောင်),ရပ်စောက်,21.24664,96.86518
ရှမ်း (တောင်),လွိုင်လင်,20.92536,97.56581
ရှမ်း (တောင်),ပင်လုံ,20.991,97.532
ရှမ်း (တောင်),မောက်မယ်,20.2305,97.72369
ရှမ်း (တောင်),မိုင်းရှူး,21.90513,98.36044
ရှမ်း (တောင်),မိုင်းစံ (မုန်းဆန်း),21.65989,98.36456
ရှမ်း (တောင်),မိုင်းကိုင်,21.61149,97.52699
ရှမ်း (တောင်),ကျိုင်းတောင်း,20.75728,98.29333
ရှမ်း (တောင်),မိုးနဲ,20.5136,97.8712
ရှမ်း (တောင်),မိုင်းပန်,20.3188,98.3541
ရှမ်း (တောင်),ခိုလမ်,21.09887,98.10086
ရှမ်း (တောင်),နမ့်စန်,20.88912,97.72022
ရှမ်း (တောင်),နန်းပန်,20.45493,96.90596
ရှမ်း (တောင်),ညောင်ရွှေ,20.65957,96.93206
ရှမ်း (တောင်),ဖယ်ခုံ,19.86348,97.00831
ရှမ်း (တောင်),ပင်းတယ,20.94158,96.66279
ရှမ်း (တောင်),နောင်တရား,20.29326,96.75691
ရှမ်း (တောင်),ပေါင်းလောင်း,19.98626,96.58254
ရှမ်း (တောင်),ပင်လောင်း,20.12439,96.78219
ရှမ်း (တောင်),အေးသာယာ,20.77475,96.99882
ရှမ်း (တောင်),ကျောက်တလုံးကြီး,20.371,97.024
ရှမ်း (တောင်),ရွှေညောင်,20.76015,96.93614
ရှမ်း (တောင်),တောင်ကြီး,20.77477,97.03598
ရှမ်း (တောင်),ရွာငံ,21.16282,96.44229
တနင်္သာရီ,ဘုတ်ပြင်း,11.26504,98.75909
တနင်္သာရီ,ကရသူရိ,10.93336,98.75998
တနင်္သာရီ,ပြည်ကြီးမဏ္ဍိုင်,11.46842,99.00144
တနင်္သာရီ,ထားဝယ်,14.07753,98.19636
တနင်္သာရီ,မေတ္တာ,14.16355,98.52017
တနင်္သာရီ,ကော့သောင်း,9.98261,98.54995
တနင်္သာရီ,ခမောက်ကြီး,10.353,98.625
တနင်္သာရီ,ကျွန်းစု,12.47386,98.45443
တနင်္သာရီ,လောင်းလုံး,13.97522,98.11963
တနင်္သာရီ,မြိတ်,12.44112,98.60978
တနင်္သာရီ,ပလ,12.84928,98.66188
တနင်္သာရီ,ပလောက်,13.27223,98.62248
တနင်္သာရီ,ပုလော,12.97531,98.64579
တနင်္သာရီ,မောတောင်,11.7952,99.6275
တနင်္သာရီ,တနင်္သာရီ,12.08941,99.01278
တနင်္သာရီ,သရက်ချောင်း,13.8687,98.26252
တနင်္သာရီ,ကလိန်အောင်,14.6238,98.13849
တနင်္သာရီ,ရေဖြူ,14.24591,98.20291
ရန်ကုန်,အလုံ,16.7824,96.12786
ရန်ကုန်,ဗဟန်း,16.81543,96.15611
ရန်ကုန်,ဗိုလ်တထောင်,16.77197,96.16971
ရန်ကုန်,ကိုကိုးကျွန်း,14.13443,93.36821
ရန်ကုန်,ဒဂုံ,16.79495,96.1469
ရန်ကုန်,ဒဂုံမြို့သစ် (အရှေ့ပိုင်း),16.91281,96.21323
ရန်ကုန်,ဒဂုံမြို့သစ်(မြောက်ပိုင်း),16.87774,96.19079
ရန်ကုန်,ဒဂုံမြို့သစ် (ဆိပ်ကမ်း),16.84049,96.27256
ရန်ကုန်,ဒဂုံမြို့သစ်(တောင်ပိုင်း),16.84016,96.22582
ရန်ကုန်,ဒလ,16.75855,96.143
ရန်ကုန်,ဒေါပုံ,16.78192,96.18435
ရန်ကုန်,လှိုင်,16.84793,96.12523
ရန်ကုန်,လှိုင်သာယာ,16.85402,96.06893
ရန်ကုန်,လှည်းကူး,17.09875,96.22745
ရန်ကုန်,မှော်ဘီ,17.09987,96.0418
ရန်ကုန်,ထန်းတပင်,17.0174,95.9827
ရန်ကုန်,အင်းစိန်,16.90177,96.09596
ရန်ကုန်,ကမာရွတ်,16.82768,96.13244
ရန်ကုန်,ကော့မှူး,16.54616,96.06195
ရန်ကုန်,ခရမ်း,16.90544,96.5605
ရန်ကုန်,ကွမ်းခြံကုန်း,16.4394,96.0119
ရန်ကုန်,ကျောက်တံတား,16.77426,96.16164
ရန်ကုန်,ရန်ကုန်,16.77819,96.16093
ရန်ကုန်,ကျောက်တန်း,16.63393,96.32351
ရန်ကုန်,တံတား,16.64788,96.53949
ရန်ကုန်,ကြည့်မြင်တိုင်,16.81457,96.12188
ရန်ကုန်,လမ်းမတော်,16.77991,96.14234
ရန်ကုန်,လသာ,16.77712,96.15053
ရန်ကုန်,မရမ်းကုန်း,16.86619,96.14261
ရန်ကုန်,ထောက်ကြန့်,17.04276,96.13231
ရန်ကုန်,မင်္ဂလာဒုံ,16.94914,96.12795
ရန်ကုန်,မင်္ဂလာတောင်ညွန့်,16.78891,96.16786
ရန်ကုန်,မြောက်ဥက္ကလာပ,16.91878,96.16303
ရန်ကုန်,ပန်းဘဲတန်း,16.77698,96.15601
ရန်ကုန်,ပုဇွန်တောင်,16.77965,96.17439
ရန်ကုန်,စမ်းချောင်း,16.80381,96.13729
ရန်ကုန်,ဆိပ်ကြီး/ခနောင်တို,16.75779,96.11637
ရန်ကုန်,ဆိပ်ကမ်း,16.7704,96.15505
ရန်ကုန်,ရွှေပြည်သာ,16.95504,96.08329
ရန်ကုန်,တောင်ဥက္ကလာပ,16.84625,96.17986
ရန်ကုန်,အဖျောက်,17.38239,95.69338
ရန်ကုန်,ဥက္ကံ,17.49696,95.8607
ရန်ကုန်,တိုက်ကြီး,17.31263,95.96344
ရန်ကုန်,တာမွေ,16.81018,96.17646
ရန်ကုန်,သာကေတ,16.79301,96.20296
ရန်ကုန်,သန်လျင်,16.76378,96.25184
ရန်ကုန်,သင်္ဃန်းကျွန်း,16.83101,96.19323
ရန်ကုန်,သုံးခွ,16.7586,96.52309
ရန်ကုန်,တွံတေး,16.70734,95.93047
ရန်ကုန်,ရန်ကင်း,16.83601,96.1624
